submission_date,new_case,new_death
01/26/2020,0,0
01/27/2020,0,0
01/28/2020,0,0
01/29/2020,0,0
01/30/2020,0,0
01/31/2020,0,0
02/01/2020,0,0
02/02/2020,0,0
02/03/2020,0,0
02/04/2020,0,0
02/05/2020,0,0
02/06/2020,0,0
02/07/2020,0,0
02/08/2020,0,0
02/09/2020,0,0
02/10/2020,0,0
02/11/2020,0,0
02/12/2020,0,0
02/13/2020,0,0
02/14/2020,0,0
02/15/2020,0,0
02/16/2020,0,0
02/17/2020,0,0
02/18/2020,0,0
02/19/2020,0,0
02/20/2020,0,0
02/21/2020,0,0
02/22/2020,0,0
02/23/2020,0,0
02/24/2020,0,0
02/25/2020,0,0
02/26/2020,0,0
02/27/2020,0,0
02/28/2020,0,0
02/29/2020,0,0
03/01/2020,0,0
03/02/2020,0,0
03/03/2020,0,0
03/04/2020,0,0
03/05/2020,0,0
03/06/2020,0,0
03/07/2020,0,0
03/08/2020,0,0
03/09/2020,0,0
03/10/2020,0,0
03/11/2020,0,0
03/12/2020,1,0
03/13/2020,0,0
03/14/2020,0,0
03/15/2020,0,0
03/16/2020,0,0
03/17/2020,4,0
03/18/2020,2,0
03/19/2020,12,0
03/20/2020,7,0
03/21/2020,2,0
03/22/2020,2,0
03/23/2020,2,0
03/24/2020,5,0
03/25/2020,8,0
03/26/2020,13,0
03/27/2020,10,1
03/28/2020,26,0
03/29/2020,4,0
03/30/2020,11,2
03/31/2020,17,0
04/01/2020,21,0
04/02/2020,12,0
04/03/2020,14,0
04/04/2020,13,0
04/05/2020,21,0
04/06/2020,18,0
04/07/2020,12,1
04/08/2020,14,0
04/09/2020,18,1
04/10/2020,9,1
04/11/2020,15,1
04/12/2020,15,1
04/13/2020,23,0
04/14/2020,10,1
04/15/2020,24,0
04/16/2020,28,0
04/17/2020,46,0
04/18/2020,89,0
04/19/2020,57,1
04/20/2020,42,3
04/21/2020,17,0
04/22/2020,35,1
04/23/2020,30,1
04/24/2020,39,0
04/25/2020,55,1
04/26/2020,64,1
04/27/2020,75,2
04/28/2020,49,0
04/29/2020,42,0
04/30/2020,34,0
05/01/2020,40,4
05/02/2020,46,1
05/03/2020,38,1
05/04/2020,34,0
05/05/2020,41,0
05/06/2020,57,6
05/07/2020,48,0
05/08/2020,54,2
05/09/2020,39,2
05/10/2020,27,0
05/11/2020,27,1
05/12/2020,53,2
05/13/2020,76,2
05/14/2020,65,0
05/15/2020,49,2
05/16/2020,87,0
05/17/2020,52,1
05/18/2020,31,1
05/19/2020,63,1
05/20/2020,101,4
05/21/2020,134,2
05/22/2020,88,1
05/23/2020,48,0
05/24/2020,53,1
05/25/2020,39,1
05/26/2020,9,0
05/27/2020,9,2
05/28/2020,42,1
05/29/2020,39,2
05/30/2020,34,1
05/31/2020,23,1
06/01/2020,48,0
06/02/2020,21,4
06/03/2020,33,1
06/04/2020,27,0
06/05/2020,39,5
06/06/2020,71,1
06/07/2020,45,0
06/08/2020,19,0
06/09/2020,21,0
06/10/2020,40,1
06/11/2020,39,1
06/12/2020,36,0
06/13/2020,42,0
06/14/2020,22,0
06/15/2020,21,3
06/16/2020,23,0
06/17/2020,42,0
06/18/2020,27,1
06/19/2020,33,1
06/20/2020,25,0
06/21/2020,37,1
06/22/2020,25,0
06/23/2020,7,1
06/24/2020,42,0
06/25/2020,31,0
06/26/2020,28,9
06/27/2020,37,0
06/28/2020,37,1
06/29/2020,44,0
06/30/2020,37,0
07/01/2020,39,1
07/02/2020,42,0
07/03/2020,65,9
07/04/2020,57,0
07/05/2020,37,0
07/06/2020,33,0
07/07/2020,49,4
07/08/2020,73,5
07/09/2020,99,0
07/10/2020,84,0
07/11/2020,89,2
07/12/2020,91,0
07/13/2020,108,0
07/14/2020,123,1
07/15/2020,103,1
07/16/2020,124,0
07/17/2020,115,1
07/18/2020,112,2
07/19/2020,107,1
07/20/2020,81,1
07/21/2020,160,2
07/22/2020,126,1
07/23/2020,121,2
07/24/2020,122,0
07/25/2020,140,0
07/26/2020,110,0
07/27/2020,155,1
07/28/2020,86,2
07/29/2020,74,1
07/30/2020,168,0
07/31/2020,133,0
08/01/2020,58,2
08/02/2020,125,0
08/03/2020,148,2
08/04/2020,124,1
08/05/2020,120,1
08/06/2020,150,1
08/07/2020,181,2
08/08/2020,88,0
08/09/2020,117,1
08/10/2020,172,5
08/11/2020,85,2
08/12/2020,201,0
08/13/2020,151,1
08/14/2020,122,0
08/15/2020,143,4
08/16/2020,60,1
08/17/2020,135,2
08/18/2020,186,2
08/19/2020,274,0
08/20/2020,232,2
08/21/2020,262,3
08/22/2020,140,1
08/23/2020,124,1
08/24/2020,229,1
08/25/2020,238,0
08/26/2020,333,1
08/27/2020,310,0
08/28/2020,374,2
08/29/2020,166,0
08/30/2020,166,2
08/31/2020,184,2
09/01/2020,267,3
09/02/2020,362,2
09/03/2020,344,0
09/04/2020,361,5
09/05/2020,297,1
09/06/2020,170,0
09/07/2020,71,0
09/08/2020,238,1
09/09/2020,333,3
09/10/2020,241,4
09/11/2020,467,3
09/12/2020,426,1
09/13/2020,254,2
09/14/2020,233,2
09/15/2020,269,5
09/16/2020,448,7
09/17/2020,448,0
09/18/2020,377,8
09/19/2020,351,0
09/20/2020,286,1
09/21/2020,264,3
09/22/2020,473,7
09/23/2020,470,8
09/24/2020,434,8
09/25/2020,495,8
09/26/2020,344,4
09/27/2020,259,3
09/28/2020,419,5
09/29/2020,444,7
09/30/2020,372,10
10/01/2020,476,8
10/02/2020,440,7
10/03/2020,416,3
10/04/2020,312,3
10/05/2020,502,3
10/06/2020,493,24
10/07/2020,527,6
10/08/2020,656,11
10/09/2020,588,15
10/10/2020,637,3
10/11/2020,472,6
10/12/2020,508,12
10/13/2020,702,8
10/14/2020,706,5
10/15/2020,864,18
10/16/2020,744,11
10/17/2020,717,5
10/18/2020,659,4
10/19/2020,1029,4
10/20/2020,499,10
10/21/2020,887,9
10/22/2020,887,9
10/23/2020,935,8
10/24/2020,845,8
10/25/2020,522,5
10/26/2020,889,15
10/27/2020,777,12
10/28/2020,1223,11
10/29/2020,1353,13
10/30/2020,1433,12
10/31/2020,1127,7
11/01/2020,972,9
11/02/2020,1172,16
11/03/2020,1114,12
11/04/2020,1536,28
11/05/2020,1765,17
11/06/2020,1602,15
11/07/2020,1101,11
11/08/2020,1018,17
11/09/2020,1018,17
11/10/2020,1031,12
11/11/2020,1800,11
11/12/2020,1429,10
11/13/2020,2270,19
11/14/2020,924,10
11/15/2020,1089,7
11/16/2020,1082,26
11/17/2020,1263,16
11/18/2020,1382,10
11/19/2020,1404,23
11/20/2020,1524,16
11/21/2020,1143,6
11/22/2020,714,6
11/23/2020,1004,37
11/24/2020,1077,4
11/25/2020,964,10
11/26/2020,790,5
11/27/2020,703,13
11/28/2020,723,5
11/29/2020,594,7
11/30/2020,403,27
12/01/2020,480,12
12/02/2020,970,11
12/03/2020,844,12
12/04/2020,555,18
12/05/2020,477,6
12/06/2020,361,9
12/07/2020,475,42
12/08/2020,2333,16
12/09/2020,557,23
12/10/2020,506,27
12/11/2020,377,22
12/12/2020,281,0
12/13/2020,196,5
12/14/2020,326,13
12/15/2020,334,0
12/16/2020,334,34
12/17/2020,494,21
12/18/2020,231,6
12/19/2020,251,0
12/20/2020,82,2
12/21/2020,332,5
12/22/2020,270,5
12/23/2020,225,17
12/24/2020,274,4
12/25/2020,133,0
12/26/2020,110,2
12/27/2020,93,4
12/28/2020,271,6
12/29/2020,372,6
12/30/2020,294,10
12/31/2020,275,17
01/01/2021,,
01/02/2021,,
01/03/2021,,
01/04/2021,,
01/05/2021,,
01/06/2021,,
01/07/2021,,
01/08/2021,,
01/09/2021,,
01/10/2021,,
01/11/2021,,
01/12/2021,,
01/13/2021,,
01/14/2021,,
01/15/2021,,
01/16/2021,,
01/17/2021,,
01/18/2021,,
01/19/2021,,
01/20/2021,,
01/21/2021,,
01/22/2021,,
01/23/2021,,
01/24/2021,,
01/25/2021,,
01/26/2021,,
01/27/2021,,
01/28/2021,,
01/29/2021,,
01/30/2021,,
01/31/2021,,
